"start.station.id","start.station.latitude","start.station.longitude","trips_departed","city","start.station.name"
116,40.74177603,-74.00149746,12471,"NYC","W 17 St & 8 Ave"
119,40.69608941,-73.97803415,1485,"NYC","Park Ave & St Edwards St"
120,40.68676793,-73.95928168,2761,"NYC","Lexington Ave & Classon Ave"
127,40.73172428,-74.00674436,11853,"NYC","Barrow St & Hudson St"
128,40.72710258,-74.00297088,11865,"NYC","MacDougal St & Prince St"
143,40.69239502,-73.99337909,4027,"NYC","Clinton St & Joralemon St"
144,40.69839895,-73.98068914,3336,"NYC","Nassau St & Navy St"
146,40.71625008,-74.0091059,5248,"NYC","Hudson St & Reade St"
150,40.7208736,-73.98085795,8408,"NYC","E 2 St & Avenue C"
151,40.722103786686,-73.997249007225,12247,"NYC","Cleveland Pl & Spring St"
157,40.69089272,-73.99612349,4287,"NYC","Henry St & Atlantic Ave"
164,40.75323098,-73.97032517,7076,"NYC","E 47 St & 2 Ave"
167,40.7489006,-73.97604882,10038,"NYC","E 39 St & 3 Ave"
168,40.73971301,-73.99456405,9040,"NYC","W 18 St & 6 Ave"
173,40.7606832709659,-73.9845272898674,11906,"NYC","Broadway & W 49 St"
174,40.7381765,-73.97738662,7916,"NYC","E 25 St & 1 Ave"
195,40.70905623,-74.01043382,8820,"NYC","Liberty St & Broadway"
2000,40.70255088,-73.98940236,7280,"NYC","Front St & Washington St"
2002,40.716887,-73.963198,7751,"NYC","Wythe Ave & Metropolitan Ave"
2005,40.70531194,-73.97100056,211,"NYC","Railroad Ave & Kay Ave"
2006,40.76590936,-73.97634151,17224,"NYC","Central Park S & 6 Ave"
2008,40.70569254,-74.01677685,14238,"NYC","Little West St & 1 Pl"
2009,40.71117444,-73.99682619,4872,"NYC","Catherine St & Monroe St"
2010,40.7217000523561,-74.002381414175,4681,"NYC","Grand St & Greene St"
2012,40.739445,-73.976806,10801,"NYC","E 27 St & 1 Ave"
2017,40.75022392,-73.97121414,6033,"NYC","E 43 St & 2 Ave"
2021,40.75929124,-73.98859651,9271,"NYC","W 45 St & 8 Ave"
2022,40.759107,-73.959223,3774,"NYC","E 60 St & York Ave"
212,40.74334935,-74.00681753,7660,"NYC","W 16 St & The High Line"
216,40.70037867,-73.99548059,2734,"NYC","Columbia Heights & Cranberry St"
217,40.70277159,-73.99383605,10192,"NYC","Old Fulton St"
223,40.73781509,-73.99994661,9553,"NYC","W 13 St & 7 Ave"
224,40.71146364,-74.00552427,6084,"NYC","Spruce St & Nassau St"
228,40.7546011026,-73.971878855,5177,"NYC","E 48 St & 3 Ave"
229,40.72743423,-73.99379025,10619,"NYC","Great Jones St"
236,40.7284186,-73.98713956,10947,"NYC","St Marks Pl & 2 Ave"
237,40.73047309,-73.98672378,12753,"NYC","E 11 St & 2 Ave"
238,40.7361967,-74.00859207,8326,"NYC","Bank St & Washington St"
239,40.69196566,-73.9813018,4516,"NYC","Willoughby St & Fleet St"
241,40.68981035,-73.97493121,4220,"NYC","DeKalb Ave & S Portland Ave"
242,40.697787,-73.973736,2320,"NYC","Carlton Ave & Flushing Ave"
244,40.69196035,-73.96536851,3072,"NYC","Willoughby Ave & Hall St"
245,40.69327018,-73.97703874,2589,"NYC","Myrtle Ave & St Edwards St"
247,40.73535398,-74.00483091,8382,"NYC","Perry St & Bleecker St"
248,40.72185379,-74.00771779,2311,"NYC","Laight St & Hudson St"
249,40.71870987,-74.0090009,2658,"NYC","Harrison St & Hudson St"
250,40.72456089,-73.99565293,10003,"NYC","Lafayette St & Jersey St"
251,40.72317958,-73.99480012,10364,"NYC","Mott St & Prince St"
252,40.73226398,-73.99852205,6765,"NYC","MacDougal St & Washington Sq"
254,40.73532427,-73.99800419,8666,"NYC","W 11 St & 6 Ave"
257,40.71939226,-74.00247214,7091,"NYC","Lispenard St & Broadway"
258,40.68940747,-73.96885458,3864,"NYC","DeKalb Ave & Vanderbilt Ave"
259,40.70122128,-74.01234218,6803,"NYC","South St & Whitehall St"
260,40.70365182,-74.01167797,2936,"NYC","Broad St & Bridge St"
261,40.69474881,-73.98362464,3470,"NYC","Johnson St & Gold St"
262,40.6917823,-73.9737299,3451,"NYC","Washington Park"
264,40.70706456,-74.00731853,5418,"NYC","Maiden Ln & Pearl St"
265,40.72229346,-73.99147535,8701,"NYC","Stanton St & Chrystie St"
267,40.75097711,-73.98765428,5982,"NYC","Broadway & W 36 St"
268,40.71910537,-73.99973337,6793,"NYC","Howard St & Centre St"
270,40.69308257,-73.97178913,3431,"NYC","Adelphi St & Myrtle Ave"
274,40.68691865,-73.976682,5150,"NYC","Lafayette Ave & Fort Greene Pl"
275,40.68650065,-73.96563307,2323,"NYC","Washington Ave & Greene Ave"
276,40.71748752,-74.0104554,3771,"NYC","Duane St & Greenwich St"
278,40.69766564,-73.98476437,2411,"NYC","Concord St & Bridge St"
280,40.73331967,-73.99510132,7697,"NYC","E 10 St & 5 Ave"
281,40.7643971,-73.97371465,14717,"NYC","Grand Army Plaza & Central Park S"
282,40.7076449441757,-73.9684152603149,5703,"NYC","Kent Ave & S 11 St"
284,40.7390169121,-74.0026376103,14017,"NYC","Greenwich Ave & 8 Ave"
285,40.73454567,-73.99074142,17971,"NYC","Broadway & E 14 St"
289,40.6845683,-73.95881081,2781,"NYC","Monroe St & Classon Ave"
291,40.713126,-73.984844,5135,"NYC","Madison St & Montgomery St"
293,40.7302066052995,-73.9910262823105,14857,"NYC","Lafayette St & E 8 St"
295,40.71406667,-73.99293911,6538,"NYC","Pike St & E Broadway"
297,40.734232,-73.986923,11836,"NYC","E 15 St & 3 Ave"
298,40.68683208,-73.9796772,4792,"NYC","3 Ave & Schermerhorn St"
3002,40.711512,-74.015756,9728,"NYC","South End Ave & Liberty St"
301,40.72217444,-73.98368779,10543,"NYC","E 2 St & Avenue B"
3016,40.7203677529846,-73.9616507291794,12476,"NYC","Kent Ave & N 7 St"
302,40.72082834,-73.97793172,5617,"NYC","Avenue D & E 3 St"
303,40.72362738,-73.99949601,5950,"NYC","Mercer St & Spring St"
304,40.70463334,-74.01361706,7884,"NYC","Broadway & Battery Pl"
3041,40.67890679,-73.94142771,2631,"NYC","Kingston Ave & Herkimer St"
3042,40.6794268,-73.9298911,2729,"NYC","Fulton St & Utica Ave"
3043,40.6814598,-73.934903,1762,"NYC","Lewis Ave & Decatur St"
3044,40.6800105,-73.938475,1179,"NYC","Albany Ave & Fulton St"
3047,40.6823687,-73.944118,2198,"NYC","Halsey St & Tompkins Ave"
3048,40.68402,-73.94977,1542,"NYC","Putnam Ave & Nostrand Ave"
3049,40.68488,-73.96304,2137,"NYC","Cambridge Pl & Gates Ave"
305,40.76095756,-73.96724467,9451,"NYC","E 58 St & 3 Ave"
3050,40.6851532,-73.94111,1862,"NYC","Putnam Ave & Throop Ave"
3052,40.686312,-73.935775,2568,"NYC","Lewis Ave & Madison St"
3053,40.6900815,-73.947915,2445,"NYC","Marcy Ave & Lafayette Ave"
3054,40.6894932,-73.942061,1757,"NYC","Greene Ave & Throop Ave"
3055,40.6883337,-73.950916,2312,"NYC","Greene Ave & Nostrand Ave"
3056,40.69072549,-73.95133465,2246,"NYC","Kosciuszko St & Nostrand Ave"
3057,40.69128258,-73.9452416,2352,"NYC","Kosciuszko St & Tompkins Ave"
3058,40.69237074,-73.93705428,1491,"NYC","Lewis Ave & Kosciuszko St"
3059,40.6933982,-73.939877,1230,"NYC","Pulaski St & Marcus Garvey Blvd"
3060,40.69425403,-73.94626915,2064,"NYC","Willoughby Ave & Tompkins Ave"
3061,40.69622937,-73.94371094,1055,"NYC","Throop Ave & Myrtle Ave"
3062,40.69539817,-73.94954908,1785,"NYC","Myrtle Ave & Marcy Ave"
3063,40.69527008,-73.95238108,1362,"NYC","Nostrand Ave & Myrtle Ave"
3064,40.69681963,-73.93756926,1498,"NYC","Myrtle Ave & Lewis Ave"
3065,40.70029511,-73.95032283,1558,"NYC","Union Ave & Wallabout St"
3066,40.69957608,-73.94708417,1572,"NYC","Tompkins Ave & Hopkins St"
3067,40.7016657,-73.9437303,2375,"NYC","Broadway & Whipple St"
3068,40.7031724,-73.940636,1357,"NYC","Humboldt St & Varet St"
3069,40.70411791,-73.94818595,1235,"NYC","Lorimer St & Broadway"
307,40.71427487,-73.98990025,11065,"NYC","Canal St & Rutgers St"
3070,40.70510918,-73.94407279,1888,"NYC","McKibbin St & Manhattan Ave"
3071,40.70538077,-73.94976519,2094,"NYC","Boerum St & Broadway"
3072,40.70583339,-73.94644578,1513,"NYC","Leonard St & Boerum St"
3074,40.70767788,-73.94016171,3008,"NYC","Montrose Ave & Bushwick Ave"
3075,40.70708701,-73.95796783,856,"NYC","Division Ave & Marcy Ave"
3076,40.70870368,-73.9448625,3389,"NYC","Scholes St & Manhattan Ave"
3077,40.70877084,-73.95095259,4448,"NYC","Stagg St & Union Ave"
3078,40.7092482627616,-73.9606314897537,3909,"NYC","Broadway & Roebling St"
308,40.71307916,-73.99851193,4448,"NYC","St James Pl & Oliver St"
3080,40.70934,-73.95608,3333,"NYC","S 4 St & Rodney St"
3081,40.711863,-73.944024,3801,"NYC","Graham Ave & Grand St"
3082,40.71167351,-73.95141312,5119,"NYC","Hope St & Union Ave"
3083,40.71247661,-73.94100005,2273,"NYC","Bushwick Ave & Powers St"
3085,40.71469,-73.95739,3701,"NYC","Roebling St & N 4 St"
3086,40.715143,-73.944507,4739,"NYC","Graham Ave & Conselyea St"
3087,40.71413311,-73.95234386,3761,"NYC","Metropolitan Ave & Meeker Ave"
3088,40.7160751,-73.952029,1837,"NYC","Union Ave & Jackson St"
309,40.7149787,-74.013012,6897,"NYC","Murray St & West St"
3092,40.7190095,-73.95852515,5065,"NYC","Berry St & N 8 St"
3093,40.71745169,-73.95850939,7174,"NYC","N 6 St & Bedford Ave"
3094,40.7169811,-73.94485918,2184,"NYC","Graham Ave & Withers St"
3095,40.71929301,-73.94500379,1323,"NYC","Graham Ave & Herbert St"
3096,40.71924,-73.95242,6527,"NYC","Union Ave & N 12 St"
310,40.68926942,-73.98912867,3403,"NYC","State St & Smith St"
3100,40.7248125644002,-73.947526216507,3090,"NYC","Nassau Ave & Newell St"
3101,40.72079821,-73.95484712,4601,"NYC","N 12 St & Bedford Ave"
3102,40.72179134,-73.9504154,3539,"NYC","Driggs Ave & Lorimer St"
3105,40.724055,-73.955736,1196,"NYC","N 15 St & Wythe Ave"
3106,40.72325,-73.94308,3308,"NYC","Driggs Ave & N Henry St"
3107,40.72311651,-73.95212324,5443,"NYC","Bedford Ave & Nassau Ave"
3108,40.72557,-73.94434,3619,"NYC","Nassau Ave & Russell St"
3109,40.72606,-73.95621,3112,"NYC","Banker St & Meserole Ave"
311,40.7172274,-73.98802084,11251,"NYC","Norfolk St & Broome St"
3110,40.72708584,-73.95299117,4200,"NYC","Meserole Ave & Manhattan Ave"
3112,40.72906,-73.95779,6846,"NYC","Milton St & Franklin St"
3115,40.73232194,-73.9550858,4272,"NYC","India St & Manhattan Ave"
3116,40.73266,-73.95826,4270,"NYC","Huron St & Franklin St"
3117,40.73564,-73.95866,4098,"NYC","Franklin St & Dupont St"
3118,40.73555,-73.95284,4584,"NYC","McGuinness Blvd & Eagle St"
3119,40.74232744,-73.95411749,4169,"NYC","Vernon Blvd & 50 Ave"
312,40.722055,-73.989111,10377,"NYC","Allen St & Stanton St"
3121,40.74524768,-73.94733276,1307,"NYC","Jackson Ave & 46 Rd"
3122,40.7443632870669,-73.9558732509613,1578,"NYC","48 Ave & 5 St"
3123,40.74469738,-73.93540375,1583,"NYC","31 St & Thomson Ave"
3124,40.74731,-73.95451,5225,"NYC","46 Ave & 5 St"
3125,40.74708586,-73.94977234,2843,"NYC","45 Rd & 11 St"
3126,40.74718234,-73.9432635,3958,"NYC","44 Dr & Jackson Ave"
3127,40.74966,-73.9521,1538,"NYC","9 St & 44 Rd"
3128,40.75052534,-73.94594845,907,"NYC","21 St & 43 Ave"
3129,40.75110165,-73.94073717,10065,"NYC","Queens Plaza North & Crescent St"
313,40.69610226,-73.96751037,2936,"NYC","Washington Ave & Park Ave"
3130,40.75325964,-73.94335788,1658,"NYC","21 St & Queens Plaza North"
3131,40.7671284034954,-73.9622461795807,3656,"NYC","E 68 St & 3 Ave"
3132,40.76350532,-73.97109243,4794,"NYC","E 59 St & Madison Ave"
3134,40.76312584,-73.96526895,5104,"NYC","3 Ave & E 62 St"
3135,40.77112927,-73.95772297,4456,"NYC","E 75 St & 3 Ave"
3136,40.766368,-73.971518,6028,"NYC","5 Ave & E 63 St"
3137,40.77282817,-73.96685276,14691,"NYC","5 Ave & E 73 St"
3139,40.7711828754066,-73.9640942215919,3970,"NYC","E 72 St & Park Ave"
3140,40.77140426,-73.9535166,12876,"NYC","1 Ave & E 78 St"
3141,40.76500525,-73.95818491,20698,"NYC","1 Ave & E 68 St"
3142,40.7612274,-73.96094022,12380,"NYC","1 Ave & E 62 St"
3143,40.7763214218227,-73.9642739295959,9280,"NYC","5 Ave & E 78 St"
3144,40.77677702,-73.9590097,2239,"NYC","E 81 St & Park Ave"
3145,40.77862688,-73.95772073,4349,"NYC","E 84 St & Park Ave"
3146,40.77573034,-73.9567526,4494,"NYC","E 81 St & 3 Ave"
3147,40.77801203,-73.95407149,10044,"NYC","E 85 St & 3 Ave"
3148,40.77565541,-73.95068615,7281,"NYC","E 84 St & 1 Ave"
315,40.70355377,-74.00670227,9237,"NYC","South St & Gouverneur Ln"
3150,40.77536905,-73.94803392,4097,"NYC","E 85 St & York Ave"
3151,40.7728384,-73.94989233,6174,"NYC","E 81 St & York Ave"
3152,40.76873687,-73.96119945,3397,"NYC","3 Ave & E 71 St"
3154,40.77314236,-73.95856158,4774,"NYC","E 77 St & 3 Ave"
3156,40.76663814,-73.95348296,9381,"NYC","E 72 St & York Ave"
3157,40.77518615,-73.94446054,3731,"NYC","East End Ave & E 86 St"
3158,40.77163851,-73.98261428,8238,"NYC","W 63 St & Broadway"
3159,40.77492513,-73.98266566,6155,"NYC","W 67 St & Broadway"
316,40.70955958,-74.00653609,5718,"NYC","Fulton St & William St"
3160,40.77896784,-73.97374737,8984,"NYC","Central Park West & W 76 St"
3161,40.7801839724239,-73.9772853255272,6132,"NYC","W 76 St & Columbus Ave"
3163,40.7734066,-73.97782542,13401,"NYC","Central Park West & W 68 St"
3164,40.7770575,-73.97898475,13785,"NYC","Columbus Ave & W 72 St"
3165,40.7757937668367,-73.9762057363987,14633,"NYC","Central Park West & W 72 St"
3166,40.7805779901033,-73.9856243133545,8985,"NYC","Riverside Dr & W 72 St"
3167,40.7796680900731,-73.9809304475784,13354,"NYC","Amsterdam Ave & W 73 St"
3168,40.78472675,-73.96961715,12766,"NYC","Central Park West & W 85 St"
3169,40.78720869,-73.98128127,5801,"NYC","Riverside Dr & W 82 St"
317,40.72453734,-73.98185424,10981,"NYC","E 6 St & Avenue B"
3170,40.78499979,-73.97283406,6132,"NYC","W 84 St & Columbus Ave"
3171,40.78524672,-73.97667321,7226,"NYC","Amsterdam Ave & W 82 St"
3172,40.7785669,-73.97754961,4666,"NYC","W 74 St & Columbus Ave"
3173,40.777507027548,-73.9888858795166,8056,"NYC","Riverside Blvd & W 67 St"
3175,40.77748046,-73.98288594,8792,"NYC","W 70 St & Amsterdam Ave"
3177,40.7867947,-73.977112,4694,"NYC","W 84 St & Broadway"
3178,40.78414472,-73.98362492,4678,"NYC","Riverside Dr & W 78 St"
3179,40.698617,-73.941342,1373,"NYC","Park Ave & Marcus Garvey Blvd"
319,40.711066,-74.009447,7524,"NYC","Fulton St & Broadway"
320,40.717571,-74.005549,5151,"NYC","Leonard St & Church St"
321,40.69991755,-73.98971773,4130,"NYC","Cadman Plaza E & Red Cross Pl"
3221,40.743,-73.93561,1694,"NYC","47 Ave & 31 St"
3226,40.78275,-73.97137,6496,"NYC","W 82 St & Central Park West"
323,40.69236178,-73.98631746,5331,"NYC","Lawrence St & Willoughby St"
3231,40.7678008014813,-73.9659208059311,2655,"NYC","E 67 St & Park Ave"
3232,40.6896218879033,-73.9830426871777,6613,"NYC","Bond St & Fulton St"
3233,40.7572456791173,-73.978059142828,7708,"NYC","E 48 St & 5 Ave"
3235,40.752165280622,-73.9799219369888,5519,"NYC","E 41 St & Madison Ave"
3236,40.7589848139963,-73.9937996864319,7673,"NYC","W 42 St & Dyer Ave"
324,40.689888,-73.981013,4963,"NYC","DeKalb Ave & Hudson Ave"
3241,40.686203,-73.944694,2080,"NYC","Monroe St & Tompkins Ave"
3242,40.6910292567797,-73.991833627224,3375,"NYC","Schermerhorn St & Court St"
3243,40.7589238637769,-73.9622622728348,3340,"NYC","E 58 St & 1 Ave (NE Corner)"
3244,40.7314372408523,-73.9949034154415,10761,"NYC","University Pl & E 8 St"
3246,40.6942811413973,-73.9923003315926,3643,"NYC","Montague St & Clinton St"
3249,40.6803560840434,-73.9476791024208,1715,"NYC","Verona Pl & Fulton St"
325,40.73624527,-73.98473765,8083,"NYC","E 19 St & 3 Ave"
3255,40.7505853470215,-73.9946848154068,16350,"NYC","8 Ave & W 31 St"
3256,40.7277140777778,-74.011295735836,17520,"NYC","Pier 40 - Hudson River Park"
3259,40.7493702419328,-73.9992338418961,9723,"NYC","9 Ave & W 28 St"
326,40.72953837,-73.98426726,11492,"NYC","E 11 St & 1 Ave"
3260,40.7270636334831,-73.9966213703155,8815,"NYC","Mercer St & Bleecker St"
3263,40.7295149622495,-73.990752696991,12052,"NYC","Cooper Square & Astor Pl"
327,40.7153379,-74.01658354,11274,"NYC","Vesey Pl & River Terrace"
328,40.72405549,-74.00965965,7264,"NYC","Watts St & Greenwich St"
3282,40.78307,-73.95939,12990,"NYC","5 Ave & E 88 St"
3283,40.7882213,-73.97041561,7123,"NYC","W 89 St & Columbus Ave"
3284,40.78141070019,-73.9559590816498,3535,"NYC","E 88 St & Park Ave"
3285,40.78839,-73.9747,4677,"NYC","W 87 St & Amsterdam Ave"
3286,40.7806284,-73.9521667,5358,"NYC","E 89 St & 3 Ave"
3287,40.789622,-73.97757,4944,"NYC","W 87 St & West End Ave"
3288,40.778301,-73.9488134,6719,"NYC","E 88 St & 1 Ave"
3289,40.7901794809508,-73.9728891849518,3760,"NYC","W 90 St & Amsterdam Ave"
3290,40.7779453,-73.946041,4439,"NYC","E 89 St & York Ave"
3292,40.7857851,-73.957481,5355,"NYC","5 Ave & E 93 St"
3293,40.7921,-73.9739,3929,"NYC","W 92 St & Broadway"
3294,40.7835016,-73.955327,3485,"NYC","E 91 St & Park Ave"
3295,40.79127,-73.964839,9911,"NYC","Central Park W & W 96 St"
3296,40.7824541752799,-73.9489196240902,3102,"NYC","E 93 St & 2 Ave"
3297,40.6686627,-73.97988067,2405,"NYC","6 St & 7 Ave"
3298,40.686371,-73.99383324,2123,"NYC","Warren St & Court St"
3299,40.78813,-73.95206,1755,"NYC","E 98 St & Park Ave"
330,40.71450451,-74.00562789,4786,"NYC","Reade St & Broadway"
3300,40.6651468153379,-73.9763760566711,3411,"NYC","Prospect Park West & 8 St"
3301,40.7919557,-73.968087,9484,"NYC","Columbus Ave & W 95 St"
3302,40.7969347,-73.9643412291,1153,"NYC","Columbus Ave & W 103 St"
3303,40.6849894,-73.99440329,2011,"NYC","Butler St & Court St"
3304,40.668127,-73.98377641,2195,"NYC","6 Ave & 9 St"
3305,40.7811222993417,-73.9496558904648,6712,"NYC","E 91 St & 2 Ave"
3306,40.6662078,-73.98199886,2131,"NYC","10 St & 7 Ave"
3307,40.7941654,-73.974124,4926,"NYC","West End Ave & W 94 St"
3308,40.6861758,-73.99645295,2656,"NYC","Kane St & Clinton St"
3309,40.7859201,-73.94860294,2174,"NYC","E 97 St & 3 Ave"
331,40.71173107,-73.99193043,5848,"NYC","Pike St & Monroe St"
3310,40.663779,-73.98396846,2461,"NYC","14 St & 7 Ave"
3311,40.68763155,-74.0016256,2513,"NYC","Columbia St & Kane St"
3312,40.7817212,-73.94594,4509,"NYC","1 Ave & E 94 St"
3313,40.6663181,-73.9854617,1560,"NYC","6 Ave & 12 St"
3314,40.7937704,-73.971888,6347,"NYC","W 95 St & Broadway"
3315,40.6847514,-73.99917254,3174,"NYC","Henry St & Degraw St"
3317,40.6686273,-73.98700053,1519,"NYC","10 St & 5 Ave"
3318,40.7839636,-73.9471673,6326,"NYC","2 Ave & E 96 St"
3319,40.666287,-73.98895053,3253,"NYC","14 St & 5 Ave"
332,40.71219906,-73.97948148,7639,"NYC","Cherry St"
3320,40.7940666081855,-73.9628684520721,8225,"NYC","Central Park West & W 100 St"
3321,40.6831164,-73.99785267,2141,"NYC","Clinton St & Union St"
3322,40.668603,-73.9904394,1536,"NYC","12 St & 4 Ave"
3323,40.7981856,-73.9605909006,5929,"NYC","W 106 St & Central Park West"
3324,40.6685455,-73.99333264,1219,"NYC","3 Ave & 14 St"
3325,40.7849032,-73.950503,2755,"NYC","E 95 St & 3 Ave"
3326,40.67434,-74.00194698,689,"NYC","Clinton St & Centre St"
3327,40.7877214,-73.94728331,1605,"NYC","3 Ave & E 100 St"
3328,40.795,-73.9645,4283,"NYC","W 100 St & Manhattan Ave"
3329,40.6829151,-73.99318208,2468,"NYC","Degraw St & Smith St"
3330,40.6725058,-74.00494695,620,"NYC","Henry St & Bay St"
3331,40.8013434,-73.9711457439,5264,"NYC","Riverside Dr & W 104 St"
3332,40.681990442707,-73.9907902479172,1846,"NYC","Degraw St & Hoyt St"
3333,40.6747055,-74.0075572,456,"NYC","Columbia St & Lorraine St"
3335,40.6772744,-73.98282002,2941,"NYC","Union St & 4 Ave"
3336,40.787801,-73.953559,5463,"NYC","E 97 St & Madison Ave"
3337,40.673635513415,-74.0119555592537,1033,"NYC","Dwight St & Van Dyke St"
3338,40.7862586,-73.94552579,2368,"NYC","2 Ave & E 99 St"
3339,40.6765304,-73.97846879,1588,"NYC","Berkeley Pl & 6 Ave"
334,40.74238787,-73.99726235,10655,"NYC","W 20 St & 7 Ave"
3340,40.6753274,-74.0100698,502,"NYC","Wolcott St & Dwight St"
3341,40.795346,-73.96186,2973,"NYC","Central Park West & W 102 St"
3342,40.6777748,-74.0094613,642,"NYC","Pioneer St & Richards St"
3343,40.7997568,-73.9621128676,2581,"NYC","W 107 St & Columbus Ave"
3344,40.679043,-74.011169,1366,"NYC","Pioneer St & Van Brunt St"
3345,40.7894854155321,-73.9524292945862,4210,"NYC","Madison Ave & E 99 St"
3346,40.6751468387098,-73.9752320945263,3723,"NYC","Berkeley Pl & 7 Ave"
3347,40.6773429,-74.01275056,1620,"NYC","Van Brunt St & Wolcott St"
3348,40.677236,-74.015665,2276,"NYC","Coffey St & Conover St"
3349,40.6729679,-73.97087984,10192,"NYC","Grand Army Plaza & Plaza St West"
335,40.72903917,-73.99404649,6576,"NYC","Washington Pl & Broadway"
3350,40.7973721,-73.97041192,6780,"NYC","W 100 St & Broadway"
3351,40.7869946,-73.94164802,5736,"NYC","E 102 St & 1 Ave"
3352,40.6726724341095,-74.0087952464819,1232,"NYC","Sigourney St & Columbia St"
3354,40.668132,-73.97363831,6603,"NYC","3 St & Prospect Park West"
3355,40.7680088930595,-73.9684528112411,3261,"NYC","E 66 St & Madison Ave"
3356,40.7746671,-73.98470567,3797,"NYC","Amsterdam Ave & W 66 St"
3357,40.8008363,-73.9664492472,3647,"NYC","W 106 St & Amsterdam Ave"
3358,40.6711978,-73.97484126,2348,"NYC","Garfield Pl & 8 Ave"
3359,40.7691572,-73.96703464,2805,"NYC","E 68 St & Madison Ave"
336,40.73047747,-73.99906065,9025,"NYC","Sullivan St & Washington Sq"
3360,40.7829391,-73.9786517,8165,"NYC","Amsterdam Ave & W 79 St"
3361,40.6740886,-73.9787282,2367,"NYC","Carroll St & 6 Ave"
3362,40.7781314,-73.96069399,4272,"NYC","Madison Ave & E 82 St"
3363,40.7904828,-73.95033068,2309,"NYC","E 102 St & Park Ave"
3364,40.6751622,-73.9814832,2499,"NYC","Carroll St & 5 Ave"
3365,40.6703837,-73.97839676,2665,"NYC","3 St & 7 Ave"
3366,40.8021174,-73.9681805305,3580,"NYC","West End Ave & W 107 St"
3367,40.7922553,-73.95249933,7086,"NYC","5 Ave & E 103 St"
3368,40.6728155,-73.98352355,3404,"NYC","5 Ave & 3 St"
3369,40.7724607,-73.9468208,4273,"NYC","E 82 St & East End Ave"
337,40.7037992,-74.00838676,1469,"NYC","Old Slip & Front St"
3370,40.7727966,-73.95577801,3843,"NYC","E 78 St & 2 Ave"
3372,40.7689738,-73.95482273,7180,"NYC","E 74 St & 1 Ave"
3373,40.6750705,-73.98775226,2494,"NYC","3 St & 3 Ave"
3374,40.799484,-73.955613,12034,"NYC","Central Park North & Adam Clayton Powell Blvd"
3375,40.7699426,-73.96060712,3749,"NYC","3 Ave & E 72 St"
3376,40.7647185194434,-73.962220698595,4296,"NYC","E 65 St & 2 Ave"
3377,40.6786115,-73.99037292,2063,"NYC","Carroll St & Bond St"
3378,40.773763,-73.96222088,3823,"NYC","E 76 St & Park Ave"
3379,40.7903051,-73.94755757,3001,"NYC","E 103 St & Lexington Ave"
3381,40.6777287,-73.99364123,1112,"NYC","3 St & Hoyt St"
3382,40.680611,-73.99475825,3123,"NYC","Carroll St & Smith St"
3383,40.804213,-73.96699104,6579,"NYC","Cathedral Pkwy & Broadway"
3384,40.6787242,-73.99599099,1733,"NYC","Smith St & 3 St"
3386,40.6809591,-73.99905709,1656,"NYC","1 Pl & Clinton St"
3387,40.7934337,-73.94945003,2299,"NYC","E 106 St & Madison Ave"
3388,40.6828003,-73.99990419,1887,"NYC","President St & Henry St"
3389,40.6830456,-74.00348559,2119,"NYC","Carroll St & Columbia St"
339,40.72580614,-73.97422494,3456,"NYC","Avenue D & E 12 St"
3390,40.79329668,-73.9432083,2492,"NYC","E 109 St & 3 Ave"
3391,40.7892529,-73.93956237,2229,"NYC","E 106 St & 1 Ave"
3392,40.6812117,-74.00860912,765,"NYC","Commerce St & Van Brunt St"
3393,40.6794327,-74.00785041,633,"NYC","Richards St & Delavan St"
3394,40.6769993,-74.00647134,873,"NYC","Columbia St & W 9 St"
3395,40.6763744,-74.00324957,573,"NYC","Henry St & W 9 St"
3396,40.6783563,-74.00014502,2018,"NYC","Clinton St & 4 Place"
3397,40.6763947,-73.99869893,1728,"NYC","Court St & Nelson St"
3398,40.6746957,-73.99785768,2227,"NYC","Smith St & 9 St"
3399,40.6726029815013,-73.9898300170898,1215,"NYC","7 St & 3 Ave"
340,40.71269042,-73.98776323,5666,"NYC","Madison St & Clinton St"
3400,40.7961535,-73.94782145,4625,"NYC","E 110 St & Madison Ave"
3402,40.6902375,-73.99203074,5251,"NYC","Court St & State St"
3403,40.6705135,-73.98876585,1874,"NYC","4 Ave & 9 St"
3404,40.6704922,-73.98541675,1495,"NYC","7 St & 5 Ave"
3405,40.6704836,-73.98208968,1183,"NYC","5 St & 6 Ave"
3407,40.6790979972168,-73.9876547455788,1325,"NYC","Union St & Nevins St"
3408,40.6881529,-73.99520919,3713,"NYC","Congress St & Clinton St"
3409,40.6867443,-73.99063168,6196,"NYC","Bergen St & Smith St"
341,40.71782143,-73.97628939,4103,"NYC","Stanton St & Mangin St"
3410,40.6864442,-73.98759104,2242,"NYC","Dean St & Hoyt St"
3411,40.6849668,-73.98620772,2361,"NYC","Bond St & Bergen St"
3412,40.6853761,-73.98302136,2512,"NYC","Pacific St & Nevins St"
3414,40.6809447234773,-73.9756733179092,3370,"NYC","Bergen St & Flatbush Ave"
3415,40.6793307,-73.97519523,1784,"NYC","Prospect Pl & 6 Ave"
3416,40.6776147,-73.97324283,4119,"NYC","7 Ave & Park Pl"
3417,40.6795766,-73.97854971,2899,"NYC","Baltic St & 5 Ave"
3418,40.6750207,-73.97111473,4986,"NYC","Plaza St West & Flatbush Ave"
3419,40.6792788,-73.98154004,2448,"NYC","Douglass St & 4 Ave"
342,40.71739973,-73.98016555,4420,"NYC","Columbia St & Rivington St"
3420,40.6802133,-73.98432695,2302,"NYC","Douglass St & 3 Ave"
3421,40.6843549,-73.98901629,481,"NYC","Hoyt St & Warren St"
3422,40.6859296,-74.00242364,2907,"NYC","Columbia St & Degraw St"
3423,40.6610633719006,-73.9794525504112,12341,"NYC","West Drive & Prospect Park West"
3424,40.791976,-73.945993,2329,"NYC","E 106 St & Lexington Ave"
3425,40.7892105,-73.94370784,3206,"NYC","2 Ave & E 104 St"
3429,40.6850680730818,-73.9779075980186,6396,"NYC","Hanson Pl & Ashland Pl"
343,40.69794,-73.96986848,2260,"NYC","Clinton Ave & Flushing Ave"
3430,40.7190789117956,-73.9422369003296,1940,"NYC","Richardson St & N Henry St"
3435,40.718822,-73.99596,15848,"NYC","Grand St & Elizabeth St"
3437,40.7931348098666,-73.9770036935806,5262,"NYC","Riverside Dr & W 91 St"
344,40.6851443,-73.95380904,2886,"NYC","Monroe St & Bedford Ave"
3440,40.6924182925785,-73.989494740963,5750,"NYC","Fulton St & Adams St"
3441,40.752957,-74.00264,219,"NYC","10 Hudson Yards"
3443,40.7613298312481,-73.9798200130463,8871,"NYC","W 52 St & 6 Ave"
3452,40.7191557169604,-73.9488539099693,2613,"NYC","Bayard St & Leonard St"
3453,40.7133522622288,-73.9491033554077,3621,"NYC","Devoe St & Lorimer St"
3454,40.7103685423523,-73.9470595121384,2447,"NYC","Leonard St & Maujer St"
3456,40.7163803197356,-73.9482128620148,1164,"NYC","Jackson St & Leonard St"
3457,40.7630259428052,-73.9720952510834,3953,"NYC","E 58 St & Madison Ave"
346,40.73652889,-74.00618026,8649,"NYC","Bank St & Hudson St"
3461,40.7148515052625,-74.0112233161926,9637,"NYC","Murray St & Greenwich St"
3463,40.7353670556054,-73.9879739284515,6376,"NYC","E 16 St & Irving Pl"
3469,40.7318140172097,-73.9599502086639,2913,"NYC","India St & West St"
347,40.728846,-74.008591,8227,"NYC","Greenwich St & W Houston St"
3472,40.742753828659,-74.0074735879898,6720,"NYC","W 15 St & 10 Ave"
3477,40.6553997744783,-74.0106278657913,1673,"NYC","39 St & 2 Ave"
3478,40.6570886666848,-74.0087020397186,1984,"NYC","2 Ave & 36 St"
3486,40.6884174275408,-73.9845165610313,4864,"NYC","Schermerhorn St & Bond St"
349,40.71850211,-73.98329859,7644,"NYC","Rivington St & Ridge St"
3490,40.796879,-73.937261,1535,"NYC","E 116 St & 2 Ave"
3491,40.79747,-73.93504,1853,"NYC","E 118 St & 1 Ave"
3492,40.8005385,-73.9419949,1378,"NYC","E 118 St & Park Ave"
3493,40.799139,-73.9389152,2823,"NYC","E 118 St & 3 Ave"
3494,40.797911,-73.9423,2498,"NYC","E 115 St & Lexington Ave"
3495,40.7945663,-73.9362541,2319,"NYC","E 114 St & 1 Ave"
3496,40.7923272,-73.9383,3273,"NYC","1 Ave & E 110 St"
3497,40.7949879,-73.9333349,4907,"NYC","Pleasant Ave & E 116 St"
3498,40.7974772,-73.9311847,1621,"NYC","Pleasant Ave & E 120 St"
3499,40.8006721,-73.9349,1722,"NYC","2 Ave & E 122 St"
350,40.71559509,-73.9870295,14049,"NYC","Clinton St & Grand St"
3500,40.7989445,-73.944846,1829,"NYC","E 115 St & Madison Ave"
3501,40.8014866,-73.9442507,1809,"NYC","E 118 St & Madison Ave"
3502,40.7954121,-73.9441232,2737,"NYC","Lexington Ave & E 111 St"
3503,40.80295,-73.942954,1730,"NYC","Madison Ave & E 120 St"
3504,40.8029263,-73.9379,1466,"NYC","E 123 St & Lexington Ave"
3505,40.805726,-73.936322,1097,"NYC","Lexington Ave & E 127 St"
3506,40.8013066,-73.9398167,1422,"NYC","Lexington Ave & E 120 St"
3507,40.8045555,-73.9396861,3930,"NYC","Park Ave & E 124 St"
3508,40.809725,-73.953149,3638,"NYC","St Nicholas Ave & Manhattan Ave"
3509,40.8011939,-73.9500739,2699,"NYC","Lenox Ave & W 115 St"
351,40.70530954,-74.00612572,4830,"NYC","Front St & Maiden Ln"
3510,40.8078316,-73.949373,2464,"NYC","Adam Clayton Powell Blvd & W 123 St"
3511,40.802535,-73.9532423,1489,"NYC","Adam Clayton Powell Blvd & W 115 St"
3513,40.774645,-73.923706,1767,"NYC","21 St & Hoyt Ave S"
3514,40.7767,-73.927631,4149,"NYC","Astoria Park S & Shore Blvd"
3515,40.774591,-73.918544,1333,"NYC","24 Ave & 26 St"
3516,40.7699176,-73.9184057,1684,"NYC","31 St & Astoria Blvd"
3517,40.7711528,-73.9170074,865,"NYC","31 St & Hoyt Ave N"
3518,40.808442,-73.9452087,4644,"NYC","Lenox Ave & W 126 St"
3520,40.804372,-73.951475,1905,"NYC","Adam Clayton Powell Blvd & W 118 St"
3521,40.7987859,-73.9523,9398,"NYC","Lenox Ave & W 111 St"
3522,40.7701477,-73.9120938,803,"NYC","37 St & 24 Ave"
3523,40.7729,-73.916142,1074,"NYC","24 Ave & 29 St"
3524,40.7774552,-73.9225403,1806,"NYC","19 St & 24 Ave"
3525,40.776165,-73.9153175,845,"NYC","23 Ave & 27 St"
3526,40.7747878,-73.9125551,3461,"NYC","31 St & 23 Ave"
3527,40.80698,-73.941747,1979,"NYC","5 Ave & E 126 St"
3528,40.7713937,-73.9077436,1864,"NYC","Steinway St & 23 Ave"
3529,40.8107922,-73.9430681,4720,"NYC","Lenox Ave & W 130 St"
353,40.68539567,-73.97431458,2707,"NYC","S Portland Ave & Hanson Pl"
3530,40.7787185,-73.9145645,1292,"NYC","Crescent St & Ditmars Blvd"
3531,40.8125511,-73.9492286,3278,"NYC","Frederick Douglass Blvd & W 129 St"
3532,40.78145,-73.9183302,3226,"NYC","Ditmars Blvd & 19 St"
3533,40.8114323,-73.9518776,4404,"NYC","St. Nicholas Ave & W 126 St"
3534,40.805159,-73.954692,5825,"NYC","Frederick Douglass Blvd & W 117 St"
3535,40.804038,-73.945925,3140,"NYC","Mt Morris Park W & W 120 St"
3536,40.8082,-73.9641,2760,"NYC","W 116 St & Broadway"
3537,40.6809741,-73.9710097,2781,"NYC","Carlton Ave & Dean St"
3538,40.802692,-73.96295,3792,"NYC","W 110 St & Amsterdam Ave"
3539,40.8067581,-73.9607082,2841,"NYC","W 116 St & Amsterdam Ave"
354,40.69363137,-73.96223558,3361,"NYC","Emerson Pl & Myrtle Ave"
3540,40.81,-73.9551508,2553,"NYC","Morningside Ave & W 123 St"
3541,40.813358,-73.956461,2722,"NYC","Amsterdam Ave & W 125 St"
3542,40.8086249,-73.9596214,1540,"NYC","Amsterdam Ave & W 119 St"
3543,40.81028506306,-73.9573645591736,878,"NYC","Morningside Dr & Amsterdam Ave"
3544,40.6804836,-73.9646795,2222,"NYC","Underhill Ave & Pacific St"
3545,40.8120562,-73.9612547,1471,"NYC","Broadway & W 122 St"
3546,40.6791944,-73.9587903,917,"NYC","Pacific St & Classon Ave"
3547,40.8143256,-73.9590255,3090,"NYC","Broadway & Moylan Pl"
3549,40.678045,-73.962408,2505,"NYC","Grand Ave & Bergen St"
355,40.71602118,-73.99974372,6540,"NYC","Bayard St & Baxter St"
3551,40.795508,-73.941606,1574,"NYC","3 Ave & E 112 St"
3552,40.805973,-73.964928,2960,"NYC","W 113 St & Broadway"
3553,40.801694,-73.957145,5498,"NYC","Frederick Douglass Blvd & W 112 St"
3554,40.7552433,-73.9485678,2683,"NYC","Vernon Blvd & 41 Rd"
3555,40.751047,-73.93797,2607,"NYC","28 St & 41 Ave"
3556,40.7527085,-73.9397405,219,"NYC","24 St & 41 Ave (original)"
3557,40.75742,-73.945133,1334,"NYC","40 Ave & 9 St"
3558,40.6794388,-73.9680438,3709,"NYC","Bergen St & Vanderbilt Ave"
3559,40.7576314,-73.9391224,503,"NYC","21 St & 38 Ave"
356,40.71622644,-73.98261206,4047,"NYC","Bialystoker Pl & Delancey St"
3561,40.7531106,-73.9279917,1334,"NYC","37 Ave & 35 St"
3562,40.6765198,-73.9596082,2622,"NYC","Classon Ave & St Marks Ave"
3563,40.757186,-73.932719,1223,"NYC","28 St & 36 Ave"
3564,40.7601853,-73.9362726,920,"NYC","21 St & 36 Ave"
3565,40.7614376,-73.9411265,2884,"NYC","36 Ave & 10 St"
3566,40.7596276,-73.9321455,1039,"NYC","Crescent St & 35 Ave"
3567,40.7627442,-73.9391141,353,"NYC","11 St & 35 Ave"
3568,40.7569332,-73.9262231,1319,"NYC","34 St & 35 Ave"
3569,40.6758324,-73.9561677,2204,"NYC","Franklin Ave & St Marks Ave"
3570,40.7557327,-73.9236611,1330,"NYC","35 Ave & 37 St"
3571,40.676368,-73.952918,4197,"NYC","Bedford Ave & Bergen St"
3572,40.756913,-73.921631,3023,"NYC","34 Ave & 38 St"
3573,40.7580583,-73.9242751,1643,"NYC","35 St & 34 Ave"
3574,40.6769694,-73.96579,1623,"NYC","Prospect Pl & Underhill Ave"
3575,40.76108,-73.930562,1522,"NYC","Crescent St & 34 Ave"
3576,40.6767,-73.969024,3635,"NYC","Park Pl & Vanderbilt Ave"
3577,40.7628138,-73.9342862,837,"NYC","34 Ave & 21 St"
3578,40.6741806,-73.9564947,1862,"NYC","Park Pl & Franklin Ave"
3579,40.672695,-73.954131,2460,"NYC","Sterling Pl & Bedford Ave"
358,40.73291553,-74.00711384,19241,"NYC","Christopher St & Greenwich St"
3580,40.6737236,-73.9631611,2907,"NYC","St Johns Pl & Washington Ave"
3581,40.6740123,-73.9671457,3426,"NYC","Underhill Ave & Lincoln Pl"
3582,40.6721683,-73.9609,1138,"NYC","Lincoln Pl & Classon Ave"
3583,40.6716493,-73.9631145,2624,"NYC","Eastern Pkwy & Washington Ave"
3584,40.6707767,-73.9576801,4016,"NYC","Eastern Pkwy & Franklin Ave"
3585,40.6691783,-73.9554162,1305,"NYC","Union St & Bedford Ave"
3586,40.7638753,-73.9364848,758,"NYC","34 Ave & 13 St"
3587,40.6686744,-73.9618148,856,"NYC","Carroll St & Washington Ave"
3588,40.7671863,-73.9373554,2552,"NYC","Vernon Blvd & 10 St"
3589,40.7668,-73.9347774,1363,"NYC","Broadway & 12 St"
359,40.75510267,-73.97498696,11687,"NYC","E 47 St & Park Ave"
3590,40.6679411,-73.9588,826,"NYC","Carroll St & Franklin Ave"
3591,40.7659,-73.930819,1875,"NYC","21 St & 31 Dr"
3592,40.7633589,-73.9286471,2472,"NYC","Crescent St & Broadway"
3593,40.761584,-73.925921,3509,"NYC","31 St & Broadway"
3595,40.760339,-73.9222427,1763,"NYC","35 St & Broadway"
3596,40.6642406,-73.9574686,801,"NYC","Sullivan Pl & Bedford Ave"
3597,40.7577284,-73.9166368,2754,"NYC","43 St & Broadway"
3598,40.7595701,-73.9142678,1512,"NYC","Newton Rd & 44 St"
3599,40.66314,-73.9605695,6735,"NYC","Franklin Ave & Empire Blvd"
360,40.70717936,-74.00887308,5594,"NYC","William St & Pine St"
3600,40.7611488,-73.9170071,1909,"NYC","31 Ave & Steinway St"
3601,40.6627059,-73.9569115,2069,"NYC","Sterling St & Bedford Ave"
3602,40.763154,-73.920827,2661,"NYC","31 Ave & 34 St"
3603,40.7647,-73.9240312,1997,"NYC","31 Ave & 30 St"
3604,40.6630619,-73.9538746,2352,"NYC","Rogers Ave & Sterling St"
3605,40.7658346,-73.9265474,1417,"NYC","31 Ave & Crescent St"
3606,40.74252,-73.948852,1095,"NYC","49 Ave & 21 St"
3607,40.7682,-73.9322662,935,"NYC","31 Ave & 14 St"
3608,40.7423737,-73.9566,1238,"NYC","5 St & 51 Ave"
3609,40.7692475,-73.9354504,2161,"NYC","Vernon Blvd & 31 Ave"
361,40.71605866,-73.99190759,9596,"NYC","Allen St & Hester St"
3610,40.770845,-73.934171,1584,"NYC","Vernon Blvd & 30 Rd"
3611,40.7449067,-73.9534573,2749,"NYC","Vernon Blvd & 47 Rd"
3612,40.7703743,-73.9286078,1050,"NYC","30 Ave & 21 St"
3613,40.745038,-73.957539,3897,"NYC","Center Blvd & 48 Ave"
3614,40.768692,-73.9249574,1738,"NYC","Crescent St & 30 Ave"
3615,40.748,-73.9460927,2104,"NYC","44 Dr & 21 St"
3616,40.7656251,-73.9136695,2406,"NYC","Steinway St & 28 Ave"
3617,40.7671,-73.9169858,2187,"NYC","28 Ave & 35 St"
3618,40.7485,-73.941275,2915,"NYC","27 St & Hunter St"
3619,40.7713615,-73.9246145,1936,"NYC","Newtown Ave & 23 St"
362,40.75172632,-73.98753523,4106,"NYC","Broadway & W 37 St"
3620,40.7519071,-73.9479119,808,"NYC","11 St & 43 Ave"
3621,40.7739825,-73.9309134,1161,"NYC","27 Ave & 9 St"
3622,40.80756,-73.939182,1421,"NYC","E 128 St & Madison Ave"
3623,40.8109494,-73.9634,2232,"NYC","W 120 St & Claremont Ave"
3628,40.8025566,-73.9490782,3884,"NYC","Lenox Ave & W 117 St"
3629,40.8094953477795,-73.9477649331093,2708,"NYC","Adam Clayton Powell Blvd & W 126 St"
363,40.70834698,-74.01713445,10730,"NYC","West Thames St"
3630,40.8038654,-73.9559308,4118,"NYC","Frederick Douglass Blvd & W 115 St"
3637,40.6832386546034,-73.9659959077835,3990,"NYC","Fulton St & Waverly Ave"
364,40.68900443,-73.96023854,2939,"NYC","Lafayette Ave & Classon Ave"
3641,40.7428687731211,-73.9891862869263,17624,"NYC","Broadway & W 25 St"
3646,40.7631548191037,-73.9398550987244,1154,"NYC","35 Ave & 10 St"
3647,40.7412830935599,-73.9372587203979,803,"NYC","48 Ave & 30 Pl"
3648,40.6979503156954,-73.970775604248,3729,"NYC","Flushing Ave & Vanderbilt Ave"
3649,40.8143944379158,-73.9532473683357,1741,"NYC","W 129 St & Convent Ave"
3654,40.7518695142187,-73.933492898941,1234,"NYC","31 St & Northern Blvd"
3656,40.7230774906867,-73.9858362078667,11079,"NYC","E 2 St & Avenue A"
3658,40.7435337324616,-74.0036755800247,3485,"NYC","W 18 St & 9 Ave"
366,40.693261,-73.968896,4574,"NYC","Clinton Ave & Myrtle Ave"
3661,40.6664393068708,-73.9605563879013,580,"NYC","Montgomery St & Franklin Ave"
3662,40.7612938972891,-73.916916847229,120,"NYC","31 Ave & Steinway St (temp)"
3664,40.7201952143746,-74.0103006362915,10580,"NYC","North Moore St & Greenwich St"
3668,40.7239567849954,-73.9498436450958,3565,"NYC","Leonard St & Nassau Ave"
367,40.75828065,-73.97069431,7795,"NYC","E 53 St & Lexington Ave"
3671,40.7747794489573,-73.9542746543884,5706,"NYC","E 81 St & 2 Ave"
3673,40.6775920693738,-73.955637216568,3504,"NYC","Dean St & Franklin Ave"
3674,40.7014031725772,-73.9867267012596,5627,"NYC","Jay St & York St"
3676,40.6758329439129,-74.0147262811661,2676,"NYC","Van Brunt St & Van Dyke St"
368,40.73038599,-74.00214988,15489,"NYC","Carmine St & 6 Ave"
3680,40.7541208107793,-73.9802518486977,5919,"NYC","E 43 St & 5 Ave"
3686,40.739448201304,-74.0050703287125,9147,"NYC","Gansevoort St & Hudson St"
3687,40.7432268143217,-73.9744978398085,16512,"NYC","E 33 St & 1 Ave"
3689,40.799041392883,-73.9664947986603,2883,"NYC","W 104 St & Amsterdam Ave"
369,40.73224119,-74.00026394,7630,"NYC","Washington Pl & 6 Ave"
3690,40.7133418427591,-74.0093551576138,3888,"NYC","Park Pl & Church St"
3691,40.7640893235069,-73.9106512069702,1367,"NYC","28 Ave & 44 St"
3692,40.6999974843885,-73.9744012802839,23,"NYC","5 St & Market St"
3693,40.7224818863822,-73.9592193067074,2037,"NYC","N 11 St & Kent Ave"
3697,40.7751595343424,-73.9891869574785,7831,"NYC","W 64 St & Thelonious Monk Circle"
3699,40.7636046779586,-73.9891795814037,8606,"NYC","W 50 St & 9 Ave"
3704,40.7437524099784,-73.941764831543,429,"NYC","47 Ave & Skillman Ave"
3708,40.735445,-73.99431,7854,"NYC","W 13 St & 5 Ave"
3709,40.7380461424828,-73.996429592371,9357,"NYC","W 15 St & 6 Ave"
3711,40.7296672939298,-73.9806796610355,18180,"NYC","E 13 St & Avenue A"
3712,40.754691750226,-73.9974018931389,7218,"NYC","W 35 St & Dyer Ave"
3714,40.7068420310133,-73.9544353965357,2066,"NYC","Division Ave & Hooper St"
3715,40.7181696945421,-73.9552013576031,5775,"NYC","Driggs Ave & N 9 St"
3716,40.7535992020056,-73.9379560947418,916,"NYC","40 Ave & Crescent St"
3718,40.7274642069239,-73.9795041829348,8451,"NYC","E 11 St & Avenue B"
372,40.694546087246,-73.9580136537552,1746,"NYC","Franklin Ave & Myrtle Ave"
3720,40.6846165389795,-73.9872128516436,180,"NYC","Wyckoff St & Bond St"
3721,40.7675487799971,-73.9209334552288,3445,"NYC","31 St & Newtown Ave"
3723,40.695317277669,-73.9901572465897,3068,"NYC","Cadman Plaza E & Johnson St"
3724,40.7667405590595,-73.9790689945221,13013,"NYC","7 Ave & Central Park South"
3725,40.7687620293096,-73.9584079384804,8666,"NYC","2 Ave & E 72 St"
3726,40.7433660802702,-73.95960688591,5272,"NYC","Center Blvd & 51 Ave"
3727,40.7176619708399,-73.948800265789,1556,"NYC","Frost St & Meeker Ave"
3728,40.6953569332022,-73.9934402704239,1869,"NYC","Pierrepont St & Monroe Pl"
373,40.69331716,-73.95381995,2467,"NYC","Willoughby Ave & Walworth St"
3731,40.758397,-73.98255,4218,"NYC","W 47 St & 6 Ave"
3733,40.730563,-73.973984,6512,"NYC","Avenue C & E 18 St"
3734,40.759125,-73.962658,5992,"NYC","E 58 St &  1 Ave (NW Corner)"
3735,40.752694,-74.002353,6050,"NYC","W 30 St & 10 Ave"
3736,40.727243,-73.976831,4951,"NYC","E 12 St & Ave C"
3737,40.720747,-73.986274,6842,"NYC","Stanton St & Norfolk St"
3738,40.719383,-73.991479,4142,"NYC","Delancey St & Eldridge St"
3739,40.735918,-74.000939,4358,"NYC","Perry St & Greenwich Ave"
3740,40.726378,-74.000472,4840,"NYC","W Broadway & W Houston St"
3744,40.725864,-73.986389,8832,"NYC","1 Ave & E 5 St"
3745,40.7565127298495,-73.9295748621225,2332,"NYC","36 Ave & 31 St"
3746,40.7243083216022,-74.0047303587198,10778,"NYC","6 Ave & Broome St"
3749,40.7475739589548,-73.9788007736206,7588,"NYC","Lexington Ave & E 36 St"
3755,40.6906480708294,-73.9574617892504,2682,"NYC","DeKalb Ave & Franklin Ave"
3756,40.704508,-73.9351,1448,"NYC","White St & Moore St"
3757,40.710681,-73.93372,703,"NYC","Stagg St & Morgan Ave"
3758,40.702997,-73.92997,1396,"NYC","George St & Wilson Ave"
3759,40.70538,-73.92535,1519,"NYC","Irving Ave & Jefferson St"
376,40.70862144,-74.00722156,4420,"NYC","John St & William St"
3760,40.705614,-73.92153,1141,"NYC","Willoughby Ave & Wyckoff Ave"
3761,40.697842,-73.926241,999,"NYC","Cedar St & Myrtle Ave"
3762,40.677027,-73.9865,1216,"NYC","3 Ave & Carroll St"
3763,40.707165,-73.923711,1282,"NYC","Wyckoff Av & Jefferson St"
3764,40.705517,-73.93936,747,"NYC","Bushwick Ave & McKibbin St"
3765,40.709897,-73.94008,608,"NYC","Bushwick Ave & Stagg St"
3766,40.715353,-73.93856,1929,"NYC","Sharon St & Olive St"
3767,40.71323,-73.93894,1210,"NYC","Powers St & Olive St"
3768,40.71019,-73.93734,1062,"NYC","Waterbury St & Stagg St"
3769,40.707174,-73.93581,345,"NYC","White St & Johnson Ave"
377,40.72243797,-74.00566443,5473,"NYC","6 Ave & Canal St"
3770,40.702831,-73.9333,847,"NYC","Central Ave & Flushing Ave"
3771,40.706237,-73.933871,1599,"NYC","McKibbin St & Bogart St"
3772,40.713811,-73.93515,955,"NYC","Devoe St & Morgan Ave"
3773,40.70539,-73.92976,1330,"NYC","Knickerbocker Ave & Thames St"
3774,40.704425,-73.92836,1432,"NYC","Knickerbocker Ave & George St"
3775,40.702013,-73.923769,2508,"NYC","Suydam St & Knickerbocker Ave"
3776,40.700003,-73.92834,1266,"NYC","Central Ave & Starr Street"
3777,40.699304,-73.923044,1348,"NYC","Stockholm St & Wilson Ave"
3778,40.7027,-73.92095,1062,"NYC","Irving Ave & DeKalb Ave"
3779,40.704876,-73.919911,533,"NYC","Hart St & Wyckoff Ave"
3780,40.703545,-73.917775,1238,"NYC","Wyckoff Av & Stanhope St"
3781,40.698568,-73.918877,1005,"NYC","Greene Av & Myrtle Av"
3782,40.698458,-73.997178,4965,"NYC","Brooklyn Bridge Park - Pier 2"
3783,40.70838,-74.00495,7155,"NYC","Cliff St & Fulton St"
3785,40.75492,-73.98455,7446,"NYC","W 42 St & 6 Ave"
3786,40.714193,-73.996732,5581,"NYC","Division St & Bowery"
3787,40.69985,-73.97141,1428,"NYC","Dock 72 Way & Market St"
3789,40.68186,-73.959432,2084,"NYC","Fulton St & Irving Pl"
3790,40.7003,-73.991581,2904,"NYC","Henry St & Middagh St"
3793,40.7323397771511,-73.9789838343859,723,"NYC","Stuyvesant Walk & 1 Av Loop"
3795,40.671907,-73.993612,737,"NYC","10 St & 2 Ave"
3798,40.752269,-73.982079,7038,"NYC","W 40 St & 5 Ave"
3799,40.74964,-73.98805,11075,"NYC","6 Ave & W 34 St"
380,40.73401143,-74.00293877,13472,"NYC","W 4 St & 7 Ave S"
3803,40.665816,-73.956934,965,"NYC","Bedford Ave & Montgomery St"
3804,40.702461,-73.986842,4396,"NYC","Front St & Jay St"
3808,40.752474,-73.939991,1403,"NYC","24 St & 41 Ave"
3809,40.763189,-73.978434,8644,"NYC","W 55 St & 6 Ave"
3811,40.77485,-73.9342,700,"NYC","27 Ave & 3 St"
3812,40.734814,-73.992085,15878,"NYC","University Pl & E 14 St"
3814,40.761573,-73.972628,3137,"NYC","E 56 St & Madison Ave"
3815,40.755293,-73.967641,6484,"NYC","E 51 St & 2 Ave"
3816,40.71429,-73.93323,255,"NYC","Metropolitan Ave & Vandervoort Ave"
3817,40.71773,-73.94051,694,"NYC","Withers St & Kingsland Ave"
3818,40.72984,-73.94839,1462,"NYC","Calyer St & Jewel St"
3819,40.73396,-73.95204,651,"NYC","Green St & McGuinness Blvd"
3821,40.70106,-73.93318,1154,"NYC","Evergreen Ave & Noll St"
3822,40.70076,-73.93641,802,"NYC","Bushwick Ave & Forrest St"
3823,40.70099,-73.93921,1461,"NYC","Beaver St & Fayette St"
3824,40.6786,-73.90369,791,"NYC","Van Sinderen Ave & Truxton St"
3825,40.68139,-73.90756,441,"NYC","Broadway & Furman Ave"
3826,40.68458,-73.90925,397,"NYC","Moffat St & Bushwick"
3827,40.68565,-73.91564,1178,"NYC","Halsey St & Broadway"
3828,40.68652,-73.91321,505,"NYC","Eldert St & Bushwick Ave"
3829,40.6882,-73.90798,418,"NYC","Central Ave & Decatur St"
383,40.735238,-74.000271,7593,"NYC","Greenwich Ave & Charles St"
3830,40.68858,-73.91227,389,"NYC","Halsey St & Evergreen Ave"
3831,40.68663,-73.9168,960,"NYC","Broadway & Hancock St"
3832,40.69055,-73.91181,674,"NYC","Central Ave & Weirfield St"
3833,40.69122,-73.91693,314,"NYC","Madison St & Evergreen Ave"
3834,40.69467,-73.90663,766,"NYC","Irving Ave & Halsey St"
3835,40.69385,-73.90974,654,"NYC","Knickerbocker Ave & Hancock St"
3836,40.69146,-73.92146,961,"NYC","Bushwick Ave & Linden St"
3837,40.69329,-73.92852,1365,"NYC","Broadway & Kosciuszko St"
3838,40.69356,-73.92524,957,"NYC","Bushwick Ave & Harman St"
3839,40.69545,-73.91164,512,"NYC","Putnam Ave & Knickerbocker Ave"
3840,40.69811,-73.90904,775,"NYC","Putnam Ave & Wyckoff Ave"
3841,40.69543,-73.9196,564,"NYC","Menahan St & Central Ave"
3842,40.69502,-73.92825,896,"NYC","Bushwick Ave & Dekalb Ave"
3843,40.69905,-73.91516,607,"NYC","Myrtle Ave & Grove St"
3844,40.69943,-73.91337,898,"NYC","Myrtle Ave & Linden St"
3845,40.70108,-73.9179,1108,"NYC","Irving Ave & Harman St"
3846,40.69676,-73.92302,779,"NYC","Central Ave & Himrod St"
3847,40.69671,-73.92807,469,"NYC","Cedar St & Evergreen Ave"
3848,40.69544,-73.93223,1219,"NYC","Suydam St & Broadway"
3849,40.70636,-73.91945,393,"NYC","Suydam St & St. Nicholas Ave"
385,40.75797322,-73.96603308,10058,"NYC","E 55 St & 2 Ave"
3850,40.70907,-73.92157,742,"NYC","Jefferson St & Cypress Ave"
3851,40.71401,-73.92793,360,"NYC","Metropolitan Ave & Stewart Ave"
3852,40.70869,-73.92587,338,"NYC","Stewart Ave & Johnson Ave"
3853,40.70686,-73.92851,449,"NYC","Harrison Pl & Porter Ave"
3854,40.716657,-73.93637,688,"NYC","Morgan Ave & Maspeth Ave"
3855,40.71882,-73.93948,287,"NYC","Frost St & Debevoise Ave"
3856,40.72577,-73.94173,2030,"NYC","Kingsland Ave & Nassau Ave"
3857,40.72158,-73.94546,1090,"NYC","Engert Ave & McGuinness Blvd"
3858,40.73124,-73.95161,1099,"NYC","Kent St & McGuinness Blvd"
3859,40.72795,-73.95414,1665,"NYC","Lorimer St & Calyer St"
386,40.71494807,-74.00234482,4161,"NYC","Centre St & Worth St"
3860,40.70166,-73.92754,1124,"NYC","Wilson Ave & Troutman St"
3861,40.70113,-73.91422,479,"NYC","Menahan St & Wyckoff Ave"
3862,40.69714,-73.91566,379,"NYC","Linden St & Knickerbocker Ave"
3863,40.69296,-73.91605,707,"NYC","Central Ave & Woodbine St"
3864,40.68929,-73.90951,457,"NYC","Central Ave & Covert St"
3865,40.69081,-73.90448,527,"NYC","Knickerbocker Ave & Cooper St"
3866,40.68906,-73.90506,495,"NYC","Wilson Ave & Moffat St"
3867,40.67945,-73.90474,263,"NYC","Somers St & Broadway"
3868,40.693,-73.90824,609,"NYC","Knickerbocker Ave & Halsey St"
3869,40.692,-73.92617,839,"NYC","Van Buren St & Broadway"
387,40.71273266,-74.0046073,13204,"NYC","Centre St & Chambers St"
3870,40.697481,-73.935877,1557,"NYC","Melrose St & Broadway"
3871,40.68281,-73.90623,350,"NYC","Bushwick Ave & Furman Ave"
3872,40.6972,-73.90674,275,"NYC","Hancock St & Wyckoff Ave"
3873,40.70068,-73.90742,628,"NYC","Madison St & Cypress Ave"
3874,40.70461,-73.91054,502,"NYC","Menahan St & Seneca Ave"
3875,40.6988,-73.9007,257,"NYC","Stephen St & Seneca Ave"
3876,40.69922,-73.89795,922,"NYC","Forest Ave & Summerfield St"
3877,40.70555,-73.90245,623,"NYC","Madison St & Forest Ave"
3878,40.69812,-73.90271,306,"NYC","Cypress Ave & George St"
3879,40.68822,-73.91966,1240,"NYC","Broadway & Madison St"
388,40.749717753,-74.002950346,6985,"NYC","W 26 St & 10 Ave"
3880,40.7098,-73.91727,283,"NYC","Willoughby Ave & Onderdonk Ave"
3881,40.818299,-73.960405,11072,"NYC","12 Ave & W 125 St"
3882,40.69517,-73.90311,798,"NYC","Norman St & Wyckoff Ave"
3883,40.70577,-73.91292,503,"NYC","Harman St & Seneca Ave"
3884,40.69969,-73.9022,355,"NYC","Centre St & Seneca Ave"
3885,40.70413,-73.90737,521,"NYC","Onderdonk Ave & Gates Ave"
3886,40.70553,-73.9096,265,"NYC","Menahan St & Onderdonk Ave"
3887,40.71246,-73.91873,681,"NYC","Flushing Ave & Woodward Ave"
3888,40.70793,-73.91092,348,"NYC","Woodward Ave & Harman St"
389,40.71044554,-73.96525063,5976,"NYC","Broadway & Berry St"
3890,40.69047,-73.923511,1668,"NYC","Grove St & Broadway"
3891,40.698,-73.9127,835,"NYC","Irving Ave & Palmetto St"
3892,40.75473,-73.93367,1363,"NYC","38 Ave & 29 St"
3893,40.6831998817276,-73.9116664230824,908,"NYC","Rockaway Ave & Bainbridge St"
3895,40.7015734087379,-73.9087629318237,492,"NYC","Cypress Ave & Palmetto St"
3896,40.70183,-73.90625,571,"NYC","Madison St & Seneca Ave"
3897,40.70863,-73.91497,326,"NYC","Onderdonk Ave & Dekalb Ave"
3898,40.763954,-73.9646,4113,"NYC","E 63 St & 3 Ave"
3899,40.72084,-73.94844,1311,"NYC","Manhattan Av & Leonard St"
390,40.69221589,-73.9842844,4250,"NYC","Duffield St & Willoughby St"
3900,40.72226,-73.93889,1088,"NYC","Morgan Ave & Lombardy St"
3901,40.70998,-73.91116,407,"NYC","Stanhope St & Fairview Ave"
3902,40.70694,-73.90632,311,"NYC","Fairview Ave & Linden St"
3903,40.68989,-73.91458,584,"NYC","Jefferson Ave & Evergreen Ave"
3905,40.732647,-73.99011,7468,"NYC","4 Ave & E 12 St"
3906,40.711444,-74.014847,6419,"NYC","West St & Liberty St"
3907,40.70112,-73.93039,795,"NYC","Central Ave & Melrose St"
3909,40.70408,-73.90408,570,"NYC","Madison St & Woodward Ave"
391,40.69760127,-73.99344559,5842,"NYC","Clark St & Henry St"
3910,40.709697,-73.907856,555,"NYC","Greene Ave & Grandview Ave"
3911,40.683426,-73.984275,1804,"NYC","Wyckoff St & Nevins St"
3913,40.699569,-73.979827,2117,"NYC","Sands St Gate"
3914,40.783786,-73.981687,3056,"NYC","West End Ave & W 78 St"
3916,40.708485,-74.002751,5353,"NYC","Pearl St & Peck Slip"
3917,40.69178,-73.97877,1231,"NYC","Willoughby St & Ashland Pl"
3918,40.72387,-73.975767,5201,"NYC","Avenue D & E 8 St"
3919,40.70437,-74.00637,4807,"NYC","Wall St & South St"
392,40.695065,-73.987167,4898,"NYC","Jay St & Tech Pl"
3920,40.810224,-73.937195,357,"NYC","E 132 St & Madison Ave"
3921,40.805701,-73.925177,400,"NYC","Willis Ave & Bruckner Blvd"
3923,40.808484,-73.928803,173,"NYC","Lincoln Ave & E 134 St"
3924,40.810893,-73.927311,278,"NYC","Lincoln Ave & E 138 St"
3926,40.81014,-73.93973,281,"NYC","5 Ave & W 131 St"
3929,40.81093,-73.921606,238,"NYC","Willis Ave & E 141 St"
393,40.72299208,-73.97995466,5801,"NYC","E 5 St & Avenue C"
3931,40.814469,-73.924963,108,"NYC","Morris Ave & E 142 St"
3932,40.816576,-73.927987,410,"NYC","Grand Concourse & E 144 St"
3935,40.816355,-73.954295,469,"NYC","Amsterdam Ave & W 131 St"
3937,40.805089,-73.918889,78,"NYC","E 135 St & St Ann's Ave"
3938,40.80262,-73.9174,35,"NYC","E 133 St & Cypress Pl"
3939,40.800933,-73.913863,211,"NYC","Willow Ave & E 133 St"
394,40.72521311,-73.97768752,7959,"NYC","E 9 St & Avenue C"
3940,40.800425,-73.911034,11,"NYC","E 134 St & Walnut Ave"
3944,40.818215,-73.950988,208,"NYC","Convent Ave & W 135 St"
3945,40.819746,-73.951819,496,"NYC","Amsterdam Ave & W 136 St"
3946,40.818477,-73.947568,897,"NYC","St Nicholas Ave & W 137 St"
3947,40.804168,-73.911545,14,"NYC","E 138 St & Willow Ave"
3950,40.809619,-73.917875,27,"NYC","Brook Ave & E 141 St"
3955,40.808891,-73.91081,27,"NYC","St Mary's St & Jackson Ave"
3956,40.811112,-73.914932,12,"NYC","St. Ann's Ave & E 144 St"
3958,40.812299,-73.92037,17,"NYC","Willis Ave & E 143 St"
396,40.680342423,-73.9557689392,1784,"NYC","Lefferts Pl & Franklin Ave"
3961,40.820036,-73.921411,52,"NYC","Morris Ave & E 153 St"
397,40.68415748,-73.96922273,2279,"NYC","Fulton St & Clermont Ave"
398,40.69165183,-73.9999786,7330,"NYC","Atlantic Ave & Furman St"
3986,40.81734,-73.922962,816,"NYC","E 149 St & Morris Ave"
3988,40.805631,-73.934077,116,"NYC","E 128 St & 3 Ave"
3989,40.808384,-73.923604,281,"NYC","Willis Ave & E 137 St"
399,40.68851534,-73.9647628,3820,"NYC","Lafayette Ave & St James Pl"
3992,40.8428422,-73.9421253,5698,"NYC","W 169 St & Fort Washington Ave"
3993,40.771771,-73.990625,4043,"NYC","W 59 St & West End Ave"
3994,40.802554,-73.933509,483,"NYC","2 Ave & E 125 St"
3995,40.812191,-73.937838,416,"NYC","5 Ave & E 135 St"
3996,40.806414,-73.936085,255,"NYC","Lexington Ave & E 128 St"
3998,40.813619,-73.939336,1274,"NYC","W 135 St & Lenox Terrace Pl"
400,40.71926081,-73.98178024,2266,"NYC","Pitt St & Stanton St"
401,40.72019576,-73.98997825,9850,"NYC","Allen St & Rivington St"
4016,40.812346,-73.946168,593,"NYC","Adam Clayton Powell Blvd & W 130 St"
4017,40.81449,-73.936153,439,"NYC","E 138 St & 5 Av"
4019,40.803399,-73.919763,31,"NYC","St. Ann's Av & Bruckner Blvd"
402,40.7403432,-73.98955109,19247,"NYC","Broadway & E 22 St"
4021,40.813224,-73.930605,45,"NYC","E 138 St & Grand Concourse"
403,40.72502876,-73.99069656,9340,"NYC","E 2 St & 2 Ave"
405,40.739323,-74.008119,10091,"NYC","Washington St & Gansevoort St"
406,40.69512845,-73.99595065,4689,"NYC","Hicks St & Montague St"
408,40.71076228,-73.99400398,4423,"NYC","Market St & Cherry St"
410,40.72066442,-73.98517977,9156,"NYC","Suffolk St & Stanton St"
411,40.72228087,-73.97668709,9176,"NYC","E 6 St & Avenue D"
412,40.7158155,-73.99422366,10303,"NYC","Forsyth St & Canal St"
415,40.7047177,-74.00926027,5610,"NYC","Pearl St & Hanover Square"
416,40.68753406,-73.97265183,3126,"NYC","Cumberland St & Lafayette Ave"
417,40.71291224,-74.01020234,5616,"NYC","Barclay St & Church St"
418,40.70224,-73.982578,2863,"NYC","Front St & Gold St"
419,40.69580705,-73.97355569,1887,"NYC","Carlton Ave & Park Ave"
420,40.68764484,-73.96968902,2154,"NYC","Clermont Ave & Lafayette Ave"
421,40.69573398,-73.97129668,1671,"NYC","Clermont Ave & Park Ave"
422,40.770513,-73.988038,9670,"NYC","W 59 St & 10 Ave"
423,40.76584941,-73.98690506,8442,"NYC","W 54 St & 9 Ave"
426,40.71754834,-74.01322069,23603,"NYC","West St & Chambers St"
427,40.701907,-74.013942,4681,"NYC","Bus Slip & State St"
432,40.72621788,-73.98379855,12524,"NYC","E 7 St & Avenue A"
434,40.74317449,-74.00366443,6630,"NYC","9 Ave & W 18 St"
435,40.74173969,-73.99415556,21138,"NYC","W 21 St & 6 Ave"
436,40.68216564,-73.95399026,2188,"NYC","Hancock St & Bedford Ave"
437,40.6809833854,-73.9500479759,2977,"NYC","Macon St & Nostrand Ave"
438,40.72779126,-73.98564945,10516,"NYC","St Marks Pl & 1 Ave"
439,40.7262807,-73.98978041,11132,"NYC","E 4 St & 2 Ave"
440,40.75255434,-73.97282625,6957,"NYC","E 45 St & 3 Ave"
442,40.746647,-73.993915,11555,"NYC","W 27 St & 7 Ave"
443,40.70853074,-73.96408963,1788,"NYC","Bedford Ave & S 9 St"
445,40.72740794,-73.98142006,13412,"NYC","E 10 St & Avenue A"
446,40.74487634,-73.99529885,14921,"NYC","W 24 St & 7 Ave"
447,40.76370739,-73.9851615,13688,"NYC","8 Ave & W 52 St"
448,40.75660359,-73.9979009,11055,"NYC","W 37 St & 10 Ave"
450,40.76227205,-73.98788205,11327,"NYC","W 49 St & 8 Ave"
453,40.74475148,-73.99915362,11852,"NYC","W 22 St & 8 Ave"
454,40.75455731,-73.96592976,7052,"NYC","E 51 St & 1 Ave"
455,40.75001986,-73.96905301,8074,"NYC","1 Ave & E 44 St"
456,40.7597108,-73.97402311,5403,"NYC","E 53 St & Madison Ave"
458,40.751396,-74.005226,9957,"NYC","11 Ave & W 27 St"
459,40.746745,-74.007756,14646,"NYC","W 20 St & 11 Ave"
460,40.71285887,-73.96590294,10601,"NYC","S 4 St & Wythe Ave"
461,40.73587678,-73.98205027,13115,"NYC","E 20 St & 2 Ave"
462,40.74691959,-74.00451887,13370,"NYC","W 22 St & 10 Ave"
464,40.75934501,-73.96759673,5638,"NYC","E 56 St & 3 Ave"
465,40.75513557,-73.98658032,11374,"NYC","Broadway & W 41 St"
466,40.74395411,-73.99144871,10107,"NYC","W 25 St & 6 Ave"
467,40.68312489,-73.97895137,4495,"NYC","Dean St & 4 Ave"
468,40.7652654,-73.98192338,17296,"NYC","Broadway & W 56 St"
469,40.76344058,-73.98268129,7785,"NYC","Broadway & W 53 St"
470,40.74345335,-74.00004031,9885,"NYC","W 20 St & 8 Ave"
471,40.71286844,-73.95698119,4804,"NYC","Grand St & Havemeyer St"
472,40.7457121,-73.98194829,12563,"NYC","E 32 St & Park Ave"
473,40.72110063,-73.9919254,6214,"NYC","Rivington St & Chrystie St"
474,40.7451677,-73.98683077,10447,"NYC","5 Ave & E 29 St"
476,40.74394314,-73.97966069,12960,"NYC","E 31 St & 3 Ave"
477,40.75640548,-73.9900262,14880,"NYC","W 41 St & 8 Ave"
478,40.76030096,-73.99884222,14055,"NYC","11 Ave & W 41 St"
479,40.76019252,-73.9912551,12115,"NYC","9 Ave & W 45 St"
480,40.76669671,-73.99061728,9278,"NYC","W 53 St & 10 Ave"
481,40.71260486,-73.96264403,5826,"NYC","S 3 St & Bedford Ave"
482,40.73935542,-73.99931783,13131,"NYC","W 15 St & 7 Ave"
483,40.73223272,-73.98889957,9678,"NYC","E 12 St & 3 Ave"
484,40.75500254,-73.98014437,6177,"NYC","W 44 St & 5 Ave"
485,40.75038009,-73.98338988,7229,"NYC","W 37 St & 5 Ave"
486,40.7462009,-73.98855723,10093,"NYC","Broadway & W 29 St"
487,40.73314259,-73.97573881,9336,"NYC","E 20 St & FDR Drive"
489,40.75066386,-74.00176802,12043,"NYC","10 Ave & W 28 St"
490,40.751551,-73.993934,15697,"NYC","8 Ave & W 33 St"
491,40.74096374,-73.98602213,11430,"NYC","E 24 St & Park Ave S"
492,40.75019995,-73.99093085,12015,"NYC","W 33 St & 7 Ave"
493,40.7568001,-73.98291153,7073,"NYC","W 45 St & 6 Ave"
494,40.74734825,-73.99723551,12831,"NYC","W 26 St & 8 Ave"
495,40.76269882,-73.99301222,11500,"NYC","W 47 St & 10 Ave"
496,40.73726186,-73.99238967,10355,"NYC","E 16 St & 5 Ave"
497,40.73704984,-73.99009296,21287,"NYC","E 17 St & Broadway"
499,40.76915505,-73.98191841,22158,"NYC","Broadway & W 60 St"
500,40.76228826,-73.98336183,6487,"NYC","Broadway & W 51 St"
501,40.744219,-73.97121214,14834,"NYC","FDR Drive & E 35 St"
502,40.714211,-73.981095,8818,"NYC","Henry St & Grand St"
503,40.73827428,-73.98751968,9304,"NYC","E 20 St & Park Ave"
505,40.74901271,-73.98848395,16738,"NYC","6 Ave & W 33 St"
507,40.73912601,-73.97973776,14030,"NYC","E 25 St & 2 Ave"
508,40.76341379,-73.99667444,8991,"NYC","W 46 St & 11 Ave"
509,40.7454973,-74.00197139,14725,"NYC","9 Ave & W 22 St"
513,40.768254,-73.988639,7684,"NYC","W 56 St & 10 Ave"
514,40.76087502,-74.00277668,22510,"NYC","12 Ave & W 40 St"
515,40.76009437,-73.99461843,10925,"NYC","W 43 St & 10 Ave"
516,40.75206862,-73.96784384,4580,"NYC","E 47 St & 1 Ave"
517,40.751581,-73.97791,9116,"NYC","Pershing Square South"
518,40.74780373,-73.9734419,13465,"NYC","E 39 St & 2 Ave"
519,40.751873,-73.977706,20400,"NYC","Pershing Square North"
520,40.75992262,-73.97648516,5537,"NYC","W 52 St & 5 Ave"
522,40.75714758,-73.97207836,5326,"NYC","E 51 St & Lexington Ave"
523,40.75466591,-73.99138152,14711,"NYC","W 38 St & 8 Ave"
525,40.75594159,-74.0021163,8927,"NYC","W 34 St & 11 Ave"
526,40.74765947,-73.98490707,8986,"NYC","E 33 St & 5 Ave"
528,40.74290902,-73.97706058,14180,"NYC","2 Ave & E 31 St"
529,40.7575699,-73.99098507,8423,"NYC","W 42 St & 8 Ave"
530,40.7714967105444,-73.9904603362083,9927,"NYC","11 Ave & W 59 St"
531,40.71893904,-73.99266288,7873,"NYC","Forsyth St & Broome St"
532,40.710451,-73.960876,15806,"NYC","S 5 Pl & S 5 St"
533,40.75299641,-73.98721619,7234,"NYC","Broadway & W 38 St"
534,40.70255065,-74.0127234,4138,"NYC","Water - Whitehall Plaza"
536,40.74144387,-73.97536082,9941,"NYC","1 Ave & E 30 St"
539,40.71534825,-73.96024116,8957,"NYC","Metropolitan Ave & Bedford Ave"
545,40.736502,-73.97809472,12078,"NYC","E 23 St & 1 Ave"
546,40.74444921,-73.98303529,8171,"NYC","E 30 St & Park Ave S"
72,40.76727216,-73.99392888,11570,"NYC","W 52 St & 11 Ave"
79,40.71911552,-74.00666661,4306,"NYC","Franklin St & W Broadway"
82,40.71117416,-74.00016545,3120,"NYC","St James Pl & Pearl St"
83,40.68382604,-73.97632328,4540,"NYC","Atlantic Ave & Fort Greene Pl"
